{"cameraMode":{"drawMode":0,"name":"Shaded","section":"Shading Mode"},"sceneLighting":true,"audioPlay":false,"sceneViewState":{"showFog":false,"showMaterialUpdate":false,"showSkybox":false,"showFlares":false,"showImageEffects":false,"showParticleSystems":false},"in2DMode":false,"pivot":{"x":20.288240432739259,"y":15.247037887573243,"z":8.447669982910157},"rotation":{"x":-0.16391737759113313,"y":-0.33940082788467409,"z":0.06017809733748436,"w":-0.9243171215057373},"size":27.03557586669922,"orthographic":false}